-- For storing the important db queries --

-- CREATION QUERIES
-- admin table
CREATE TABLE `idealcrop`.`administrator` ( `id` INT NOT NULL AUTO_INCREMENT , `name` VARCHAR(128) NOT NULL , 
`email` VARCHAR(64) NOT NULL , `password` VARCHAR(255) NOT NULL , `created_at` TIMESTAMP NOT NULL DEFAULT CURRENT_TIMESTAMP , 
`updated_at` TIMESTAMP on update CURRENT_TIMESTAMP NOT NULL DEFAULT CURRENT_TIMESTAMP ,  `is_valid` BOOLEAN NOT NULL DEFAULT TRUE , PRIMARY KEY (`id`)) ENGINE = InnoDB;

-- password reset table
CREATE TABLE `idealcrop`.`password_reset` ( `id` INT NOT NULL AUTO_INCREMENT , `email` VARCHAR(64) NOT NULL , `token` VARCHAR(255) NOT NULL , `created_at` TIMESTAMP NOT NULL DEFAULT CURRENT_TIMESTAMP ,  `is_valid` BOOLEAN NOT NULL DEFAULT TRUE , PRIMARY KEY (`id`)) ENGINE = InnoDB;

-- crop table
CREATE TABLE `idealcrop`.`crop` ( `id` INT NOT NULL AUTO_INCREMENT , `crop_name` VARCHAR(64) NOT NULL , `image` VARCHAR(255) NOT NULL , `created_at` TIMESTAMP NOT NULL DEFAULT CURRENT_TIMESTAMP , `updated_at` TIMESTAMP on update CURRENT_TIMESTAMP NOT NULL DEFAULT CURRENT_TIMESTAMP , `created_by` INT NOT NULL , `last_updated_by` INT NOT NULL ,  `is_valid` BOOLEAN NOT NULL DEFAULT TRUE , PRIMARY KEY (`id`)) ENGINE = InnoDB;
ALTER TABLE `crop` ADD CONSTRAINT `admin_create_crop` FOREIGN KEY (`created_by`) REFERENCES `administrator`(`id`) ON DELETE RESTRICT ON UPDATE RESTRICT; ALTER TABLE `crop` ADD CONSTRAINT `admin_update_crop` FOREIGN KEY (`last_updated_by`) REFERENCES `administrator`(`id`) ON DELETE RESTRICT ON UPDATE RESTRICT;

-- species table
CREATE TABLE `idealcrop`.`species` ( `id` INT NOT NULL AUTO_INCREMENT , `speicies_name` VARCHAR(64) NOT NULL , `crop` INT NOT NULL , `created_at` TIMESTAMP NOT NULL DEFAULT CURRENT_TIMESTAMP , `updated_at` TIMESTAMP on update CURRENT_TIMESTAMP NOT NULL DEFAULT CURRENT_TIMESTAMP , `created_by` INT NOT NULL , `last_updated_by` INT NOT NULL,  `is_valid` BOOLEAN NOT NULL DEFAULT TRUE , PRIMARY KEY (`id`))  ENGINE = InnoDB;
ALTER TABLE `species` ADD CONSTRAINT `admin_create_species` FOREIGN KEY (`created_by`) REFERENCES `administrator`(`id`) ON DELETE RESTRICT ON UPDATE RESTRICT; ALTER TABLE `species` ADD CONSTRAINT `admin_update_species` FOREIGN KEY (`last_updated_by`) REFERENCES `administrator`(`id`) ON DELETE RESTRICT ON UPDATE RESTRICT;ALTER TABLE `species` ADD CONSTRAINT `crop_name` FOREIGN KEY (`crop`) REFERENCES `crop`(`id`) ON DELETE RESTRICT ON UPDATE RESTRICT;

-- variety table
CREATE TABLE `idealcrop`.`variety` ( `id` INT(20) NOT NULL AUTO_INCREMENT , `species` INT NOT NULL , `variety_name` VARCHAR(64) NOT NULL , `year` YEAR NULL , `owner` VARCHAR(64) NULL , `maintainer` VARCHAR(64) NULL , `optimal_production_altitude` VARCHAR(64) NULL , `maturity_duration` VARCHAR(64) NULL , `yield` VARCHAR(64) NULL , `special_attributes` VARCHAR(255) NULL , `created_at` TIMESTAMP NOT NULL DEFAULT CURRENT_TIMESTAMP , `updated_at` TIMESTAMP on update CURRENT_TIMESTAMP NOT NULL DEFAULT CURRENT_TIMESTAMP , `created_by` INT NOT NULL , `last_updated_by` INT NOT NULL ,  `is_valid` BOOLEAN NOT NULL DEFAULT TRUE , PRIMARY KEY (`id`)) ENGINE = InnoDB;
ALTER TABLE `variety` ADD CONSTRAINT `species_name` FOREIGN KEY (`species`) REFERENCES `species`(`id`) ON DELETE RESTRICT ON UPDATE RESTRICT; ALTER TABLE `variety` ADD CONSTRAINT `admin_create_variety` FOREIGN KEY (`created_by`) REFERENCES `administrator`(`id`) ON DELETE RESTRICT ON UPDATE RESTRICT; ALTER TABLE `variety` ADD CONSTRAINT `admin_update_variety` FOREIGN KEY (`last_updated_by`) REFERENCES `administrator`(`id`) ON DELETE RESTRICT ON UPDATE RESTRICT;

-- stage table
CREATE TABLE `idealcrop`.`stage` ( `id` INT NOT NULL AUTO_INCREMENT ,  `stage_name` VARCHAR(64) NOT NULL ,  `stage_description` VARCHAR(255) NOT NULL ,  `created_at` TIMESTAMP NOT NULL DEFAULT CURRENT_TIMESTAMP ,  `updated_at` TIMESTAMP on update CURRENT_TIMESTAMP NOT NULL DEFAULT CURRENT_TIMESTAMP ,  `created_by` INT NOT NULL ,  `last_updated_by` INT NOT NULL ,  `is_valid` BOOLEAN NOT NULL DEFAULT TRUE , PRIMARY KEY  (`id`)) ENGINE = InnoDB;
ALTER TABLE `stage` ADD CONSTRAINT `admin_create_stage` FOREIGN KEY (`created_by`) REFERENCES `administrator`(`id`) ON DELETE RESTRICT ON UPDATE RESTRICT; ALTER TABLE `stage` ADD CONSTRAINT `admin_update_stage` FOREIGN KEY (`last_updated_by`) REFERENCES `administrator`(`id`) ON DELETE RESTRICT ON UPDATE RESTRICT;

-- practice table
CREATE TABLE `idealcrop`.`practice` ( `id` INT NOT NULL AUTO_INCREMENT , `practice_name` VARCHAR(255) NOT NULL , `created_at` TIMESTAMP NOT NULL DEFAULT CURRENT_TIMESTAMP , `updated_at` TIMESTAMP on update CURRENT_TIMESTAMP NOT NULL DEFAULT CURRENT_TIMESTAMP , `created_by` INT NOT NULL , `last_updated_by` INT NOT NULL,  `is_valid` BOOLEAN NOT NULL DEFAULT TRUE , PRIMARY KEY  (`id`)) ENGINE = InnoDB;
ALTER TABLE `practice` ADD CONSTRAINT `admin_create_practice` FOREIGN KEY (`created_by`) REFERENCES `administrator`(`id`) ON DELETE RESTRICT ON UPDATE RESTRICT; ALTER TABLE `practice` ADD CONSTRAINT `admin_update_practice` FOREIGN KEY (`last_updated_by`) REFERENCES `administrator`(`id`) ON DELETE RESTRICT ON UPDATE RESTRICT;

-- crop_practice table
CREATE TABLE `idealcrop`.`crop_practice` ( `id` INT NOT NULL AUTO_INCREMENT , `crop` INT NOT NULL , `stage` INT NOT NULL , `practice` INT NOT NULL , `practice_description` VARCHAR(255) NOT NULL , `created_at` TIMESTAMP NOT NULL DEFAULT CURRENT_TIMESTAMP , `updated_at` TIMESTAMP on update CURRENT_TIMESTAMP NOT NULL DEFAULT CURRENT_TIMESTAMP , `created_by` INT NOT NULL , `last_updated_by` INT NOT NULL ,  `is_valid` BOOLEAN NOT NULL DEFAULT TRUE , PRIMARY KEY (`id`)) ENGINE = InnoDB;
ALTER TABLE `crop_practice` ADD CONSTRAINT `crop__name` FOREIGN KEY (`crop`) REFERENCES `crop`(`id`) ON DELETE RESTRICT ON UPDATE RESTRICT; ALTER TABLE `crop_practice` ADD CONSTRAINT `stage_name` FOREIGN KEY (`stage`) REFERENCES `stage`(`id`) ON DELETE RESTRICT ON UPDATE RESTRICT; ALTER TABLE `crop_practice` ADD CONSTRAINT `practice_name` FOREIGN KEY (`practice`) REFERENCES `practice`(`id`) ON DELETE RESTRICT ON UPDATE RESTRICT; ALTER TABLE `crop_practice` ADD CONSTRAINT `admin_create_crop_practice` FOREIGN KEY (`created_by`) REFERENCES `administrator`(`id`) ON DELETE RESTRICT ON UPDATE RESTRICT; ALTER TABLE `crop_practice` ADD CONSTRAINT `admin_update_crop_practice` FOREIGN KEY (`last_updated_by`) REFERENCES `administrator`(`id`) ON DELETE RESTRICT ON UPDATE RESTRICT;

-- region table
CREATE TABLE `idealcrop`.`region` ( `id` INT NOT NULL AUTO_INCREMENT , `region_name` VARCHAR(64) NOT NULL , `created_at` TIMESTAMP NOT NULL DEFAULT CURRENT_TIMESTAMP , `updated_at` TIMESTAMP on update CURRENT_TIMESTAMP NOT NULL DEFAULT CURRENT_TIMESTAMP , `created_by` INT NOT NULL , `last_updated_by` INT NOT NULL ,  `is_valid` BOOLEAN NOT NULL DEFAULT TRUE , PRIMARY KEY (`id`)) ENGINE = InnoDB;
ALTER TABLE `region` ADD CONSTRAINT `admin_create_region` FOREIGN KEY (`created_by`) REFERENCES `administrator`(`id`) ON DELETE RESTRICT ON UPDATE RESTRICT; ALTER TABLE `region` ADD CONSTRAINT `admin_update_region` FOREIGN KEY (`last_updated_by`) REFERENCES `administrator`(`id`) ON DELETE RESTRICT ON UPDATE RESTRICT;

-- district table
CREATE TABLE `idealcrop`.`district` ( `id` INT NOT NULL AUTO_INCREMENT , `district_name` VARCHAR(128) NOT NULL , `region` INT NOT NULL , `created_at` TIMESTAMP NOT NULL DEFAULT CURRENT_TIMESTAMP , `updated_at` TIMESTAMP on update CURRENT_TIMESTAMP NOT NULL DEFAULT CURRENT_TIMESTAMP , `created_by` INT NOT NULL , `last_updated_by` INT NOT NULL ,  `is_valid` BOOLEAN NOT NULL DEFAULT TRUE , PRIMARY KEY (`id`)) ENGINE = InnoDB;
ALTER TABLE `district` ADD CONSTRAINT `admin_create_district` FOREIGN KEY (`created_by`) REFERENCES `administrator`(`id`) ON DELETE RESTRICT ON UPDATE RESTRICT; ALTER TABLE `district` ADD CONSTRAINT `admin_update_district` FOREIGN KEY (`last_updated_by`) REFERENCES `administrator`(`id`) ON DELETE RESTRICT ON UPDATE RESTRICT; ALTER TABLE `district` ADD CONSTRAINT `district_region` FOREIGN KEY (`region`) REFERENCES `region`(`id`) ON DELETE RESTRICT ON UPDATE RESTRICT;

-- crop_zone
CREATE TABLE `idealcrop`.`crop_zone` ( `id` INT NOT NULL AUTO_INCREMENT , `region` INT NOT NULL , `crop` INT NOT NULL , `crop_extras` VARCHAR(64) NULL DEFAULT NULL , `yield` VARCHAR(8) NOT NULL , `created_at` TIMESTAMP NOT NULL DEFAULT CURRENT_TIMESTAMP , `updated_at` TIMESTAMP on update CURRENT_TIMESTAMP NOT NULL DEFAULT CURRENT_TIMESTAMP , `created_by` INT NOT NULL , `last_updated_by` INT NOT NULL ,  `is_valid` BOOLEAN NOT NULL DEFAULT TRUE , PRIMARY KEY (`id`)) ENGINE = InnoDB;
ALTER TABLE `crop_zone` ADD  CONSTRAINT `crop_name_zone` FOREIGN KEY (`crop`) REFERENCES `crop`(`id`) ON DELETE RESTRICT ON UPDATE RESTRICT;ALTER TABLE `crop_zone` ADD  CONSTRAINT `region_name` FOREIGN KEY (`region`) REFERENCES `region`(`id`) ON DELETE RESTRICT ON UPDATE RESTRICT;ALTER TABLE `crop_zone` ADD  CONSTRAINT `admin_create_zone` FOREIGN KEY (`created_by`) REFERENCES `administrator`(`id`) ON DELETE RESTRICT ON UPDATE RESTRICT;ALTER TABLE `crop_zone` ADD  CONSTRAINT `admin_update_zone` FOREIGN KEY (`last_updated_by`) REFERENCES `administrator`(`id`) ON DELETE RESTRICT ON UPDATE RESTRICT;


-- INSERTION QUERIES
-- Insert admins
INSERT INTO `administrator` (`id`, `name`, `email`, `password`, `created_at`, `updated_at`) VALUES
(1, 'Felix Wangota', 'wangottafelix@gmail.com', 'aaa', '2022-01-02 17:29:35', '2022-01-02 17:29:35'),
(2, 'Nicholas Kwizera', 'nicokwizera@gmail.com', 'asd', '2022-01-02 17:29:35', '2022-01-02 17:29:35'),
(3, 'Mujaidu Amutuhaire', 'amutuhaireguma10@gmail.com', 'asd', '2022-01-02 17:29:35', '2022-01-02 17:29:35'),
(4, 'Shariffa Nakasango', 'nakasherry13@gmail.com', 'asdasd', '2022-01-02 17:29:35', '2022-01-02 17:29:35');

-- Insert crops
INSERT INTO `crop` (`id`, `crop_name`, `image`, `created_at`, `updated_at`, `created_by`, `last_updated_by`, `is_valid`) VALUES
(1, 'apple', '/apple.jpg', '2022-01-09 05:54:17', '2022-01-09 05:54:17', 1, 1, 1),
(2, 'banana', '/banana.jpg', '2022-01-09 05:54:17', '2022-01-09 05:54:17', 1, 1, 1),
(3, 'coconut', '/coconut.jpg', '2022-01-09 05:54:17', '2022-01-09 05:54:17', 1, 1, 1),
(4, 'coffee', '/coffee.jpg', '2022-01-09 05:54:17', '2022-01-09 05:54:17', 1, 1, 1),
(5, 'cotton', '/cotton.jpg', '2022-01-09 05:54:17', '2022-01-09 05:54:17', 1, 1, 1),
(6, 'grapes', '/grapes.jpg', '2022-01-09 05:54:17', '2022-01-09 05:54:17', 1, 1, 1),
(7, 'kidneybeans', '/kidneybeans.jpg', '2022-01-09 05:54:17', '2022-01-09 05:54:17', 1, 1, 1),
(8, 'maize', '/maize.jpg', '2022-01-09 05:54:17', '2022-01-09 05:54:17', 1, 1, 1),
(9, 'mango', '/mango.jpg', '2022-01-11 03:35:09', '2022-01-11 03:35:09', 1, 1, 1),
(10, 'mungbean', '/mungbean.jpg', '2022-01-11 03:35:09', '2022-01-11 03:35:09', 1, 1, 1),
(11, 'orange', '/orange.jpg', '2022-01-09 05:54:17', '2022-01-09 05:54:17', 1, 1, 1),
(12, 'papaya', '/papaya.jpg', '2022-01-09 05:54:17', '2022-01-11 00:16:05', 1, 1, 1),
(13, 'pigeonpeas', '/pigeonpeas.jpg', '2022-01-09 05:54:17', '2022-01-11 00:16:31', 1, 1, 1),
(14, 'rice', '/rice.jpg', '2022-01-09 05:54:17', '2022-01-11 00:16:47', 1, 1, 1),
(15, 'watermelon', '/watermelon.jpg', '2022-01-11 00:17:06', '2022-01-11 00:17:06', 1, 1, 1);

-- Insert species
INSERT INTO `species` (`id`, `speicies_name`, `crop`, `created_at`, `updated_at`, `created_by`, `last_updated_by`, `is_valid`) VALUES
(1, 'malus domestica', 1, '2022-01-11 22:20:56', '2022-01-11 22:20:56', 1, 1, 1),
(2, 'musa spp', 2, '2022-01-11 22:20:56', '2022-01-11 22:20:56', 1, 1, 1),
(3, 'coffea spp', 4, '2022-01-11 22:20:56', '2022-01-11 22:20:56', 1, 1, 1),
(4, 'phaseolus vulgaris l', 7, '2022-01-11 22:20:56', '2022-01-11 22:20:56', 1, 1, 1),
(5, 'zea mays l', 8, '2022-01-11 22:20:56', '2022-01-11 22:20:56', 1, 1, 1),
(6, 'mangifera indica', 9, '2022-01-11 22:20:56', '2022-01-11 22:20:56', 1, 1, 1),
(7, 'vigna radiata', 10, '2022-01-11 22:20:56', '2022-01-11 22:20:56', 1, 1, 1),
(8, 'citrus x sinensis', 11, '2022-01-11 22:20:56', '2022-01-11 22:20:56', 1, 1, 1),
(9, 'cajanus cajan', 13, '2022-01-11 22:20:56', '2022-01-11 22:20:56', 1, 1, 1),
(10, 'oryza sativa', 14, '2022-01-11 22:20:56', '2022-01-11 22:20:56', 1, 1, 1),
(11, 'citrullus lanatus', 15, '2022-01-11 22:20:56', '2022-01-11 22:20:56', 1, 1, 1);

-- Insert varieties
INSERT INTO `variety` (`id`, `species`, `variety_name`, `year`, `owner`, `maintainer`, `optimal_production_altitude`, `maturity_duration`, `yield`, `special_attributes`, `created_at`, `updated_at`, `created_by`, `last_updated_by`, `is_valid`) VALUES
(1, 1, 'Golden Dorsett', NULL, NULL, NULL, NULL, '3 years', '17.5', 'Sweet, soft coat. Fruits ripen in 115 days', '2022-01-11 22:40:55', '2022-01-11 22:40:55', 1, 1, 1),
(2, 1, 'Anna', NULL, NULL, NULL, NULL, '3 years', '18', 'Fleshy. Fruits ripen in 110 days', '2022-01-11 22:40:55', '2022-01-11 22:40:55', 1, 1, 1),
(3, 2, 'KABANA 1H (FHIA 01)', NULL, NULL, NULL, NULL, '133', '39', 'Resistant to black sigatoka and banana weevils, tolerant to nematodes, tolerant to drought', '2022-01-11 22:40:55', '2022-01-11 22:40:55', 1, 1, 1),
(4, 2, 'Nakitembe', NULL, NULL, NULL, NULL, '122', '33', 'Very resistant to everything', '2022-01-11 22:40:55', '2022-01-11 22:40:55', 1, 1, 1),
(5, 2, 'Nakinyika', NULL, NULL, NULL, NULL, '124', '44', NULL, '2022-01-11 22:40:55', '2022-01-11 22:40:55', 1, 1, 1),
(6, 2, 'Mbwazilume', NULL, NULL, NULL, NULL, '128', '40', NULL, '2022-01-11 22:40:55', '2022-01-11 22:40:55', 1, 1, 1),
(7, 2, 'Nfuuka', NULL, NULL, NULL, NULL, '148', '20', NULL, '2022-01-11 22:40:55', '2022-01-11 22:40:55', 1, 1, 1),
(8, 2, 'Wadungu', NULL, NULL, NULL, NULL, '124', '40', NULL, '2022-01-11 22:40:55', '2022-01-11 22:40:55', 1, 1, 1),
(9, 2, 'KABANA 2H (FHIA 03)', NULL, NULL, NULL, NULL, '132', '35', 'Resistant to black sigatoka and banana weevils, tolerant to nematodes, tolerant to drought', '2022-01-11 22:40:55', '2022-01-11 22:40:55', 1, 1, 1),
(10, 2, 'KABANA 3H (FHIA 17)', NULL, NULL, NULL, NULL, '140', '55', 'Resistant to black sigatoka and banana weevils, tolerant to nematodes, tolerant to drought', '2022-01-11 22:40:55', '2022-01-11 22:40:55', 1, 1, 1),
(11, 2, 'KABANA 4H (FHIA 23)', NULL, NULL, NULL, NULL, '130', '60', 'Resistant to black sigatoka, fusarium wilt and banana weevils, tolerant to nematodes', '2022-01-11 22:40:55', '2022-01-11 22:40:55', 1, 1, 1),
(12, 2, 'KABANA 5 (YAGAMBI)', NULL, NULL, NULL, NULL, '142', '64', 'Resistant to black sigatoka, fusarium wilt and banana weevils, tolerant to nematodes', '2022-01-11 22:40:55', '2022-01-11 22:40:55', 1, 1, 1),
(13, 2, 'KABANA 6 H (Kiwangazi)', NULL, NULL, NULL, NULL, '126', '67', 'Resistant to banana weevils, Sigatoka and nematodes, Long lasting i.e., mat disappearance \nis over 5 years \n', '2022-01-11 22:40:55', '2022-01-11 22:40:55', 1, 1, 1),
(14, 2, 'KABANA 7 H', NULL, NULL, NULL, NULL, '150-160 ', '54.5', 'Resistant to banana weevils, Sigatoka and nematodes', '2022-01-11 22:40:55', '2022-01-11 22:40:55', 1, 1, 1),
(15, 2, 'NAROBAN1(M19)', NULL, NULL, NULL, NULL, NULL, NULL, 'Resistant to black sigatoka, Tolerant to Nematodes and weevils', '2022-01-11 22:40:55', '2022-01-11 22:40:55', 1, 1, 1),
(16, 2, 'NAROBAN 2 (M20)', NULL, NULL, NULL, NULL, NULL, NULL, 'Resistant to black \nSigatoka \nTolerant to Nematodes and weevils \n', '2022-01-11 22:40:55', '2022-01-11 22:40:55', 1, 1, 1),
(17, 2, 'NAROBAN 3 (M25)', NULL, NULL, NULL, NULL, NULL, NULL, 'Resistant to black \nSigatoka \nTolerant to Nematodes and weevils \n', '2022-01-11 22:40:55', '2022-01-11 22:40:55', 1, 1, 1),
(18, 2, 'NAROBAN4 (M27)', NULL, NULL, NULL, NULL, NULL, NULL, 'Resistant to black \nSigatoka \nTolerant to Nematodes and weevils \n', '2022-01-11 22:40:55', '2022-01-11 22:40:55', 1, 1, 1),
(19, 2, 'NAROBAN 5', NULL, NULL, NULL, NULL, NULL, NULL, 'Big fruit size Resistant to Black sigatoka \nHighly resistant to weevils Resistant to nematode damage\n', '2022-01-11 22:40:55', '2022-01-11 22:40:55', 1, 1, 1),
(20, 3, 'Erecta Unknown 20', NULL, NULL, NULL, NULL, '3 years', '2.5-3.0 ', 'Resistant to coffee wilt', '2022-01-11 22:40:55', '2022-01-11 22:40:55', 1, 1, 1),
(21, 3, 'Erecta Unknown 14', NULL, NULL, NULL, NULL, '3 years', '2.5-3.0 ', 'Resistant to coffee wilt', '2022-01-11 22:40:55', '2022-01-11 22:40:55', 1, 1, 1),
(22, 3, 'Nganda', NULL, NULL, NULL, NULL, '3 years', '2.5-3.0 ', 'Resistant to coffee wilt', '2022-01-11 22:40:55', '2022-01-11 22:40:55', 1, 1, 1),
(23, 3, 'SL 28', NULL, NULL, NULL, NULL, '3 years', '2.5-3.0 ', 'High altitude', '2022-01-11 22:40:55', '2022-01-11 22:40:55', 1, 1, 1),
(24, 3, 'SL 14', NULL, NULL, NULL, NULL, '3 years', '2.5-3.0 ', 'medium altitude', '2022-01-11 22:40:55', '2022-01-11 22:40:55', 1, 1, 1),
(25, 3, 'KP 423', NULL, NULL, NULL, NULL, '3 years', '2.5-3.0 ', 'medium altitude', '2022-01-11 22:40:55', '2022-01-11 22:40:55', 1, 1, 1),
(26, 3, 'Nyasaland', NULL, NULL, NULL, NULL, '3 years', '2.5-3.0 ', 'Most grown because the trees are easy to care for, reasonably small amd easy to prune.', '2022-01-11 22:40:55', '2022-01-11 22:40:55', 1, 1, 1),
(27, 3, 'Liberica', NULL, NULL, NULL, NULL, '3 years', '2.5-3.0 ', 'Unique in their aroma, fruity and floral', '2022-01-11 22:40:55', '2022-01-11 22:40:55', 1, 1, 1),
(28, 3, 'Bugishu coffee', NULL, NULL, NULL, NULL, '3 years', '2.5-3.0 ', 'Known for its aroma, a lot of flavours, body and acidity', '2022-01-11 22:40:55', '2022-01-11 22:40:55', 1, 1, 1),
(29, 3, 'KR 1 ', NULL, NULL, NULL, NULL, '3 years', '4.8', 'Resistant to coffee wilt', '2022-01-11 22:40:55', '2022-01-11 22:40:55', 1, 1, 1),
(30, 3, 'KR2 ', NULL, NULL, NULL, NULL, '3 years', '3.0-4.0 ', 'Resistant to coffee wilt', '2022-01-11 22:40:55', '2022-01-11 22:40:55', 1, 1, 1),
(31, 3, 'KR2 ', NULL, NULL, NULL, NULL, '3 years', '3.8', 'Resistant to coffee wilt', '2022-01-11 22:40:55', '2022-01-11 22:40:55', 1, 1, 1),
(32, 4, 'Nambale', NULL, NULL, NULL, NULL, NULL, '2', NULL, '2022-01-11 22:40:55', '2022-01-11 22:40:55', 1, 1, 1),
(33, 4, 'K131 (kazibwe)', NULL, NULL, NULL, NULL, '90', '3', 'Resistant to BCMV, BR, and anthracnose, good taste, high yield potential', '2022-01-11 22:40:55', '2022-01-11 22:40:55', 1, 1, 1),
(34, 4, 'K132 (Nambale omuwanvu)', NULL, NULL, NULL, NULL, '80', '2', 'Resistant to RR, susceptible to anthracnose and root rot, large red mottled seed', '2022-01-11 22:40:55', '2022-01-11 22:40:55', 1, 1, 1),
(35, 4, 'NABE1', NULL, NULL, NULL, NULL, '80', '1.5-20 ', 'Resistant to MSV, Br, and anthracnose, Tolerant to low soil nitrogen, phosphorous as well as high manganese soil conditions', '2022-01-11 22:40:55', '2022-01-11 22:40:55', 1, 1, 1),
(36, 4, 'NABE 2', NULL, NULL, NULL, NULL, '90', '1.5-2.5 ', 'Resistant to BCMV, Br and anthracnose, black seeded', '2022-01-11 22:40:55', '2022-01-11 22:40:55', 1, 1, 1),
(37, 4, 'NABE 3', NULL, NULL, NULL, NULL, '88', '1.5-2.5 ', 'Resistant to BCMV, Br and anthracnose, red seeded', '2022-01-11 22:40:55', '2022-01-11 22:40:55', 1, 1, 1),
(38, 4, 'NABE 4 (Nambale Omumpi)', NULL, NULL, NULL, NULL, '80-85', '1.5-2.5 ', 'Resistant to BCMV, Br and anthracnose, red seeded, good for export', '2022-01-11 22:40:55', '2022-01-11 22:40:55', 1, 1, 1),
(39, 4, 'NABE 5', NULL, NULL, NULL, NULL, '80-82', '1.5-2 ', 'Seed is cream with light red irregular bands, shows color reversal, very palatable, good for export', '2022-01-11 22:40:55', '2022-01-11 22:40:55', 1, 1, 1),
(40, 4, 'NABE 6 (Obweru)', NULL, NULL, NULL, NULL, '85-90', '1.5-2 ', 'Resistant to BR, small white seeds(navy), good canning quality for export', '2022-01-11 22:40:55', '2022-01-11 22:40:55', 1, 1, 1),
(41, 4, 'NABE 14', NULL, NULL, NULL, NULL, '90-95', '2.5-4 ', 'Tolerant to anthracnose, \nroot rot, CBB rust and \nBCMV \n', '2022-01-11 22:40:55', '2022-01-11 22:40:55', 1, 1, 1),
(42, 4, 'NABE 15', NULL, NULL, NULL, NULL, '70-90', '1.5-3 ', 'Resistant to anthracnose, red seed color', '2022-01-11 22:40:55', '2022-01-11 22:40:55', 1, 1, 1),
(43, 4, 'NABE 16', NULL, NULL, NULL, NULL, '60 - 65', '2.5-3.5 ', 'Marketable, suitable for all regions, tasty and swells when cooked', '2022-01-11 22:40:55', '2022-01-11 22:40:55', 1, 1, 1),
(44, 4, 'NABE 17', NULL, NULL, NULL, NULL, '58 - 78', '2.3-3.0 ', 'Highly marketable and tasty', '2022-01-11 22:40:55', '2022-01-11 22:40:55', 1, 1, 1),
(45, 4, 'NABE 18', NULL, NULL, NULL, NULL, '65 - 75', '2.3-3.0 ', 'Mostly suitable for Northern Uganda, very tasty', '2022-01-11 22:40:55', '2022-01-11 22:40:55', 1, 1, 1),
(46, 4, 'NABE 7C*', NULL, NULL, NULL, NULL, '80-115', '1.5-2.0 ', 'Tolerant to CBB, red/maroon seeds', '2022-01-11 22:40:55', '2022-01-11 22:40:55', 1, 1, 1),
(47, 4, 'NABE 8C*', NULL, NULL, NULL, NULL, '80-110', '1.5-2.0 ', 'Tolerant to CBB, large red seeds, leaves suitable for consumption', '2022-01-11 22:40:55', '2022-01-11 22:40:55', 1, 1, 1),
(48, 4, 'NABE 9C*', NULL, NULL, NULL, NULL, '90-115', '1.5-2.5 ', 'Susceptible to anthracnose and angular leaf spot, white and black speckled seed', '2022-01-11 22:40:55', '2022-01-11 22:40:55', 1, 1, 1),
(49, 4, 'NABE 10C*', NULL, NULL, NULL, NULL, '85-100', '1.8 - 2.0 ', 'Resistant to anthracnose but susceptible to rust, red small seeds, leaves suitable for consumption', '2022-01-11 22:40:55', '2022-01-11 22:40:55', 1, 1, 1),
(50, 4, 'Farmers seed (Kanyebwa/Kabonge)', NULL, NULL, NULL, NULL, '80', '2-2.5', 'Brick red medium size seed, susceptible to many diseases, early maturing', '2022-01-11 22:40:55', '2022-01-11 22:40:55', 1, 1, 1),
(51, 5, 'Longe1', NULL, NULL, NULL, NULL, '115', '4.0 - 6.0', 'tolerance for foliar diseaseslike MSV, GLS and NLB', '2022-01-11 22:40:55', '2022-01-11 22:40:55', 1, 1, 1),
(52, 5, 'Longe 3', NULL, NULL, NULL, NULL, '125', '6.0 - 8.0', NULL, '2022-01-11 22:40:55', '2022-01-11 22:40:55', 1, 1, 1),
(53, 5, 'Longe 4', NULL, NULL, NULL, NULL, '125', '6.0 - 8.0', 'Early maturing, dought tolerant, resistant to folia diseases', '2022-01-11 22:40:55', '2022-01-11 22:40:55', 1, 1, 1),
(54, 5, 'Longe 5', NULL, NULL, NULL, NULL, '100 - 105 ', '6.0 - 8.0', 'Very good tolerance to foliar diseases, Quality protein maize', '2022-01-11 22:40:55', '2022-01-11 22:40:55', 1, 1, 1),
(55, 5, 'Longe 2H', NULL, NULL, NULL, NULL, '115', '6.0 - 8.0', 'Quality protein maize', '2022-01-11 22:40:55', '2022-01-11 22:40:55', 1, 1, 1),
(56, 5, 'Longe 5H(Nnalongo)', NULL, NULL, NULL, NULL, '125', '6.0 - 8.0', 'Quality protein maize, veey good tolerance to foliar diseases', '2022-01-11 22:40:55', '2022-01-11 22:40:55', 1, 1, 1),
(57, 5, 'Longe 6H', NULL, NULL, NULL, NULL, '120', '6.0 - 8.0', NULL, '2022-01-11 22:40:55', '2022-01-11 22:40:55', 1, 1, 1),
(58, 5, 'Longe 7H', NULL, NULL, NULL, NULL, '141 - 147 ', '6.0 - 8.0', NULL, '2022-01-11 22:40:55', '2022-01-11 22:40:55', 1, 1, 1),
(59, 5, 'Longe 9H', NULL, NULL, NULL, NULL, '110', '6.0 - 8.0', NULL, '2022-01-11 22:40:55', '2022-01-11 22:40:55', 1, 1, 1),
(60, 5, 'Longe 10H', NULL, NULL, NULL, NULL, '120', '6.0 - 8.0', 'High yields, ideal for mid altitude, bred with drought and storage.pest resistance, erect leaves and good lodging resistance. Foliar disease resistance.', '2022-01-11 22:40:55', '2022-01-11 22:40:55', 1, 1, 1),
(61, 5, 'Longe 7H-IR(Kayongo)', NULL, NULL, NULL, NULL, '125', '8', 'Snow white grain, good yields high resistance to foliar diseases and turcicum.', '2022-01-11 22:40:55', '2022-01-11 22:40:55', 1, 1, 1),
(62, 6, 'Ssejjembe', NULL, NULL, NULL, NULL, NULL, NULL, 'Large canopy and fairly early yielding', '2022-01-11 22:40:55', '2022-01-11 22:40:55', 1, 1, 1),
(63, 6, 'Ddodo', NULL, NULL, NULL, NULL, NULL, NULL, NULL, '2022-01-11 22:40:55', '2022-01-11 22:40:55', 1, 1, 1),
(64, 6, 'Kate', NULL, NULL, NULL, NULL, NULL, NULL, NULL, '2022-01-11 22:40:55', '2022-01-11 22:40:55', 1, 1, 1),
(65, 6, 'Bire', NULL, NULL, NULL, NULL, NULL, NULL, NULL, '2022-01-11 22:40:55', '2022-01-11 22:40:55', 1, 1, 1),
(66, 6, 'Apple', NULL, NULL, NULL, NULL, NULL, NULL, NULL, '2022-01-11 22:40:55', '2022-01-11 22:40:55', 1, 1, 1),
(67, 6, 'Keitt', NULL, NULL, NULL, NULL, NULL, NULL, NULL, '2022-01-11 22:40:55', '2022-01-11 22:40:55', 1, 1, 1),
(68, 6, 'kent', NULL, NULL, NULL, NULL, NULL, NULL, NULL, '2022-01-11 22:40:55', '2022-01-11 22:40:55', 1, 1, 1),
(69, 6, 'Asanti', NULL, NULL, NULL, NULL, NULL, NULL, NULL, '2022-01-11 22:40:55', '2022-01-11 22:40:55', 1, 1, 1),
(70, 6, 'Kakola(masaka)', NULL, NULL, NULL, NULL, NULL, NULL, NULL, '2022-01-11 22:40:55', '2022-01-11 22:40:55', 1, 1, 1),
(71, 6, 'Tommy', NULL, NULL, NULL, NULL, NULL, NULL, NULL, '2022-01-11 22:40:55', '2022-01-11 22:40:55', 1, 1, 1),
(72, 6, 'Ngowe', NULL, NULL, NULL, NULL, NULL, NULL, NULL, '2022-01-11 22:40:55', '2022-01-11 22:40:55', 1, 1, 1),
(73, 6, 'Boribo', NULL, NULL, NULL, NULL, NULL, NULL, NULL, '2022-01-11 22:40:55', '2022-01-11 22:40:55', 1, 1, 1),
(74, 6, 'Vandyke', NULL, NULL, NULL, NULL, NULL, NULL, NULL, '2022-01-11 22:40:55', '2022-01-11 22:40:55', 1, 1, 1),
(75, 7, 'Narogram1 \n(Filsan) \n', NULL, NULL, NULL, NULL, '60-65', '0.95', 'Early maturing, High yielding, drought tolerant. ', '2022-01-11 22:40:55', '2022-01-11 22:40:55', 1, 1, 1),
(76, 7, 'Narogram2 \n(Sunshine) \n', NULL, NULL, NULL, NULL, '60-65', '0.9', 'Early maturing, High yielding, drought tolerant. ', '2022-01-11 22:40:55', '2022-01-11 22:40:55', 1, 1, 1),
(77, 8, 'Sweet Valencia', NULL, NULL, NULL, NULL, NULL, NULL, 'Produces fruits which are very succulent and give a lot of juice', '2022-01-11 22:40:55', '2022-01-11 22:40:55', 1, 1, 1),
(78, 8, 'Washington', NULL, NULL, NULL, NULL, NULL, NULL, 'Best for direct eating as a dessert fruit, has no seeds and matures early in the season.', '2022-01-11 22:40:55', '2022-01-11 22:40:55', 1, 1, 1),
(79, 8, 'Navel', NULL, NULL, NULL, NULL, NULL, NULL, 'Seedless, less juicy and has a small second fruit growing', '2022-01-11 22:40:55', '2022-01-11 22:40:55', 1, 1, 1),
(80, 8, 'Hamlin', NULL, NULL, NULL, NULL, NULL, NULL, 'Small fruits with a smooth and shiny skin', '2022-01-11 22:40:55', '2022-01-11 22:40:55', 1, 1, 1),
(81, 8, 'Nova', NULL, NULL, NULL, NULL, NULL, NULL, NULL, '2022-01-11 22:40:55', '2022-01-11 22:40:55', 1, 1, 1),
(82, 8, 'Minneola', NULL, NULL, NULL, NULL, NULL, NULL, NULL, '2022-01-11 22:40:55', '2022-01-11 22:40:55', 1, 1, 1),
(83, 8, 'Bargamot', NULL, NULL, NULL, NULL, NULL, NULL, 'Grown for oils for cosmetics and flavouring.', '2022-01-11 22:40:55', '2022-01-11 22:40:55', 1, 1, 1),
(84, 9, 'Avola', NULL, NULL, NULL, NULL, '120 -140 ', '2.5', 'ideal for growing in containers and small gardens, it is a compact variety.', '2022-01-11 22:40:55', '2022-01-11 22:40:55', 1, 1, 1),
(85, 9, 'Brown eyed peas', NULL, NULL, NULL, NULL, '110 -120 ', '2.5', 'produces cowpeas with pods ranging from green to purple, with brown eyes peas', '2022-01-11 22:40:55', '2022-01-11 22:40:55', 1, 1, 1),
(86, 9, 'Crowder peas', NULL, NULL, NULL, NULL, '130', '2.5 - 3', 'produce black peas speckled with brown color', '2022-01-11 22:40:55', '2022-01-11 22:40:55', 1, 1, 1),
(87, 9, 'Cream peas', NULL, NULL, NULL, NULL, NULL, NULL, 'produce seeds which are cream in color.', '2022-01-11 22:40:55', '2022-01-11 22:40:55', 1, 1, 1),
(88, 9, 'Canoe', NULL, NULL, NULL, NULL, NULL, NULL, 'have delicious sweet flavour and are particularly suited to freezing, plants dnt need much support.', '2022-01-11 22:40:55', '2022-01-11 22:40:55', 1, 1, 1),
(89, 9, 'Capucijner', NULL, NULL, NULL, NULL, NULL, NULL, 'bears purple-blue pods of large olive green peas.perfect for use in soups and stew.', '2022-01-11 22:40:55', '2022-01-11 22:40:55', 1, 1, 1),
(90, 9, 'Kelvedon Wonder', NULL, NULL, NULL, NULL, NULL, NULL, 'its high yielding, it is resistant to pea wilt and downy mildew.it is a compact variety', '2022-01-11 22:40:55', '2022-01-11 22:40:55', 1, 1, 1),
(91, 9, 'Hurst Green shaft', NULL, NULL, NULL, NULL, NULL, NULL, 'it freezes well and is resistant to downy mildew and fusarium wilt.', '2022-01-11 22:40:55', '2022-01-11 22:40:55', 1, 1, 1),
(92, 9, 'Terrain', NULL, NULL, NULL, NULL, NULL, NULL, 'shows excellent resistance to downy mildew and wilt.', '2022-01-11 22:40:55', '2022-01-11 22:40:55', 1, 1, 1),
(93, 10, 'Abilony(IRAT 112)', NULL, NULL, NULL, NULL, '145 - 150 ', '6 - 8 ', 'Resistant to blast, upland variety, non-shattering', '2022-01-11 22:40:55', '2022-01-11 22:40:55', 1, 1, 1),
(94, 10, 'UK-2 (2228)', NULL, NULL, NULL, NULL, '145 - 150 ', '6 - 8 ', 'Resistant to blast, upland variety, non-shattering', '2022-01-11 22:40:55', '2022-01-11 22:40:55', 1, 1, 1),
(95, 10, 'NP-3 (2995)', NULL, NULL, NULL, NULL, '145 - 150 ', '6 - 8 ', 'Tolerant to blast, upland variety, non-shattering', '2022-01-11 22:40:55', '2022-01-11 22:40:55', 1, 1, 1),
(96, 10, 'NP-2 (5881)', NULL, NULL, NULL, NULL, '90', '3', 'Resistant to blast, upland variety, non-shattering', '2022-01-11 22:40:55', '2022-01-11 22:40:55', 1, 1, 1),
(97, 10, 'NARIC 1 (ITA 257)', NULL, NULL, NULL, NULL, '105', '3.6', 'Moderately resistant to blast, upland variety, nonshattering', '2022-01-11 22:40:55', '2022-01-11 22:40:55', 1, 1, 1),
(98, 10, 'NARIC 11 (ITA 325)', NULL, NULL, NULL, NULL, '105', '3.3', 'Resistant to blast, upland variety, non-shattering', '2022-01-11 22:40:55', '2022-01-11 22:40:55', 1, 1, 1),
(99, 10, 'NARIC 111 (WAB 450)', NULL, NULL, NULL, NULL, '120', '3.5', 'Resistant to blast, upland variety, non-shattering', '2022-01-11 22:40:55', '2022-01-11 22:40:55', 1, 1, 1),
(100, 10, 'SUPERICA 1 (WABC 165)', NULL, NULL, NULL, NULL, '120', '2', 'Resistant to stem rust and yellow rust, tolerant to soil acidity', '2022-01-11 22:40:55', '2022-01-11 22:40:55', 1, 1, 1),
(101, 10, 'NERICA 1', NULL, NULL, NULL, NULL, '120', '2', 'Resistant to stem rust and yellow rust, tolerant to soil acidity', '2022-01-11 22:40:55', '2022-01-11 22:40:55', 1, 1, 1),
(102, 10, 'NERICA 4', NULL, NULL, NULL, NULL, '120', '2', 'Resistant to stem rust and yellow rust, tolerant to soil acidity', '2022-01-11 22:40:55', '2022-01-11 22:40:55', 1, 1, 1),
(103, 10, 'NERICA 10', NULL, NULL, NULL, NULL, '120', '2', 'Resistant to stem rust and yellow rust, tolerant to soil acidity', '2022-01-11 22:40:55', '2022-01-11 22:40:55', 1, 1, 1),
(104, 10, 'Namche 1', NULL, NULL, NULL, NULL, '105-110', '3.7', 'Good flakiness, good color, Resistant to stem rust and yellow rust', '2022-01-11 22:40:55', '2022-01-11 22:40:55', 1, 1, 1),
(105, 10, 'Namche 2', NULL, NULL, NULL, NULL, '120-130', '4', 'Good flakiness, good color, Resistant to stem rust and yellow rust', '2022-01-11 22:40:55', '2022-01-11 22:40:55', 1, 1, 1),
(106, 10, 'Namche 3', NULL, NULL, NULL, NULL, '120-130', '4.5', 'Good flakiness, good color, Resistant to stem rust and yellow rust', '2022-01-11 22:40:55', '2022-01-11 22:40:55', 1, 1, 1),
(107, 10, 'Namche 4', NULL, NULL, NULL, NULL, '125-130', '4.5', 'Good flakiness, good color, Resistant to stem rust and yellow rust', '2022-01-11 22:40:55', '2022-01-11 22:40:55', 1, 1, 1),
(108, 10, 'NERICA 6', NULL, NULL, NULL, NULL, '125', '6', 'Tolerant to RYMV, blast , BLB, long soft but no sticky grains when cooked', '2022-01-11 22:40:55', '2022-01-11 22:40:55', 1, 1, 1),
(109, 10, 'Komboka', NULL, NULL, NULL, NULL, '118', '6.8', 'Tolerant to RYMV, blast , BLB, long soft but no sticky grains when cooked', '2022-01-11 22:40:55', '2022-01-11 22:40:55', 1, 1, 1),
(110, 10, 'Okile', NULL, NULL, NULL, NULL, '140', '6.8', 'Tolerant to RYMV, blast , BLB, long soft but no sticky grains when cooked', '2022-01-11 22:40:55', '2022-01-11 22:40:55', 1, 1, 1),
(111, 10, 'Agoro', NULL, NULL, NULL, NULL, '124', '6', 'Tolerant to RYMV, blast , BLB, long soft but no sticky grains when cooked', '2022-01-11 22:40:55', '2022-01-11 22:40:55', 1, 1, 1),
(112, 10, 'WITA 9', NULL, NULL, NULL, NULL, '145', '6.8', 'Tolerant to RYMV, blast , BLB, long soft but no sticky grains when cooked', '2022-01-11 22:40:55', '2022-01-11 22:40:55', 1, 1, 1),
(113, 10, 'DU 363-2', NULL, NULL, NULL, NULL, '135', '8-10.', 'High yielding, Highly tolerant to RYMV,BLB and blast, semi aromatic', '2022-01-11 22:40:55', '2022-01-11 22:40:55', 1, 1, 1),
(114, 10, 'ARIZE 6444 GOLD', NULL, NULL, NULL, NULL, '135-140', '9', 'High yielding, Highly tolerant to RYMV, BLB and blast.', '2022-01-11 22:40:55', '2022-01-11 22:40:55', 1, 1, 1),
(115, 11, 'Sukaali F1 Africa', NULL, NULL, NULL, NULL, NULL, NULL, NULL, '2022-01-11 22:40:55', '2022-01-11 22:40:55', 1, 1, 1),
(116, 11, 'Sukaali F1 Kenya(zebra)', NULL, NULL, NULL, NULL, NULL, NULL, NULL, '2022-01-11 22:40:55', '2022-01-11 22:40:55', 1, 1, 1),
(117, 11, 'Sugar baby', NULL, NULL, NULL, NULL, NULL, NULL, NULL, '2022-01-11 22:40:55', '2022-01-11 22:40:55', 1, 1, 1),
(118, 11, 'Crimson sweet', NULL, NULL, NULL, NULL, NULL, NULL, NULL, '2022-01-11 22:40:55', '2022-01-11 22:40:55', 1, 1, 1),
(119, 11, 'Charleston Gra', NULL, NULL, NULL, NULL, NULL, NULL, NULL, '2022-01-11 22:40:55', '2022-01-11 22:40:55', 1, 1, 1),
(120, 11, 'Yello Crimson', NULL, NULL, NULL, NULL, NULL, NULL, NULL, '2022-01-11 22:40:55', '2022-01-11 22:40:55', 1, 1, 1),
(121, 11, 'Picnic', NULL, NULL, NULL, NULL, NULL, NULL, 'All sweet', '2022-01-11 22:40:55', '2022-01-11 22:40:55', 1, 1, 1),
(122, 11, 'Icebox', NULL, NULL, NULL, NULL, NULL, NULL, NULL, '2022-01-11 22:40:55', '2022-01-11 22:40:55', 1, 1, 1),
(123, 11, 'Giant', NULL, NULL, NULL, NULL, NULL, NULL, 'Black diamond yellow Belly', '2022-01-11 22:40:55', '2022-01-11 22:40:55', 1, 1, 1),
(124, 11, 'Seedless', NULL, NULL, NULL, NULL, NULL, NULL, NULL, '2022-01-11 22:40:55', '2022-01-11 22:40:55', 1, 1, 1),
(125, 11, 'Sweet beauty', NULL, NULL, NULL, NULL, NULL, NULL, 'hybrid variety with superior eating quality.', '2022-01-11 22:40:55', '2022-01-11 22:40:55', 1, 1, 1),
(126, 11, 'Golden Midget', NULL, NULL, NULL, NULL, NULL, NULL, 'personal-sized watermelon variety .', '2022-01-11 22:40:55', '2022-01-11 22:40:55', 1, 1, 1),
(127, 11, 'Little darling', NULL, NULL, NULL, NULL, NULL, NULL, 'small, early maturing hybrid watermelon variety with dark green rinds', '2022-01-11 22:40:55', '2022-01-11 22:40:55', 1, 1, 1);

-- Insert stages
INSERT INTO `stage` (`id`, `stage_name`, `stage_description`, `created_at`, `updated_at`, `created_by`, `last_updated_by`) VALUES
(1, 'Planting', 'Initial activities involving land preparation and preparation of seeds, cuttings, or tubers', '2022-01-07 09:37:36', '2022-01-07 09:37:36', 1, 1),
(2, 'Germination', 'Plants begin to develop while growing their first set of leaves', '2022-01-07 09:37:36', '2022-01-07 09:37:36', 1, 1),
(3, 'Vegetative', 'Plants undergo leafy growth for photosynethesis', '2022-01-07 09:37:36', '2022-01-07 09:37:36', 1, 1),
(4, 'Budding', 'Plants transition from growing leaves to forming buds', '2022-01-07 09:37:36', '2022-01-07 09:37:36', 1, 1),
(5, 'Flowering', 'Plants develop flowers for pollination purposes. For some, this is followed by development of fruits.', '2022-01-07 09:37:36', '2022-01-07 09:37:36', 1, 1),
(6, 'General', 'Spans the full life cycle of plants.', '2022-01-07 09:37:36', '2022-01-07 09:37:36', 1, 1);

-- Insert practices
INSERT INTO `practice` (`id`, `practice_name`, `created_at`, `updated_at`, `created_by`, `last_updated_by`) VALUES
(1, 'Land Preparation', '2022-01-07 06:38:32', '2022-01-07 09:48:41', 1, 1),
(2, 'Spacing', '2022-01-07 06:39:29', '2022-01-07 09:48:54', 1, 1),
(3, 'Sowing', '2022-01-07 06:39:29', '2022-01-07 09:48:47', 1, 1),
(4, 'Transplanting', '2022-01-07 06:39:29', '2022-01-07 09:48:47', 1, 1),
(5, 'Mulching', '2022-01-07 06:39:29', '2022-01-07 09:48:58', 1, 1),
(6, 'Weeding', '2022-01-07 06:44:15', '2022-01-07 09:49:20', 1, 1),
(7, 'Manure Application', '2022-01-07 06:44:15', '2022-01-07 09:49:20', 1, 1),
(8, 'Pruning', '2022-01-07 06:44:15', '2022-01-07 09:49:08', 1, 1),
(9, 'Thinning', '2022-01-07 06:44:15', '2022-01-07 09:49:20', 1, 1),
(10, 'Grafting', '2022-01-07 06:44:15', '2022-01-07 09:49:20', 1, 1),
(11, 'Providing Support', '2022-01-07 06:44:15', '2022-01-07 09:49:20', 1, 1),
(12, 'Irrigation', '2022-01-07 06:44:15', '2022-01-07 09:49:20', 1, 1),
(13, 'Harvesting', '2022-01-07 06:44:15', '2022-01-07 09:49:20', 1, 1);

-- Insert crop_practices
INSERT INTO `crop_practice` (`id`, `crop`, `stage`, `practice`, `practice_description`, `created_at`, `updated_at`, `created_by`, `last_updated_by`, `is_valid`) VALUES
(1, 1, 1, 1, 'Select light to medium texured soils for proper drainage', '2022-01-12 01:01:01', '2022-01-12 01:01:01', 1, 1, 1),
(2, 1, 1, 2, 'Space the apple plants 15 - 18 feet in a row', '2022-01-12 01:01:01', '2022-01-12 01:01:01', 1, 1, 1),
(3, 1, 1, 4, 'Soak apple plant roots in water for 24 hours before planting', '2022-01-12 01:01:01', '2022-01-12 01:01:01', 1, 1, 1),
(4, 1, 4, 11, 'Bend the stem almost horizontally to slow growth and promote branches and fruiting', '2022-01-12 01:01:01', '2022-01-12 01:01:01', 1, 1, 1),
(5, 1, 6, 5, 'Apply mulch  and refresh it periodically to keep the trunk clear of any damage', '2022-01-12 01:01:01', '2022-01-12 01:01:01', 1, 1, 1),
(6, 1, 6, 8, 'In early stages, prune only the misplaced, broken, or dead branches so that the tree growth is not slowed down. For mature trees, prune overly vigorous upright stems when tree is dormant\"', '2022-01-12 01:01:01', '2022-01-12 01:01:01', 1, 1, 1),
(7, 8, 1, 1, 'Minimal tillage to achieve a loose seed bed', '2022-01-12 01:01:01', '2022-01-12 01:01:01', 1, 1, 1),
(8, 8, 1, 2, 'Maintain a 75cm - 25cm spacing between the holes where the seeds will reside.', '2022-01-12 01:01:01', '2022-01-12 01:01:56', 1, 1, 1),
(9, 8, 1, 3, 'Sow 1 - 2 seeds at least 7 - 8 cm deepth', '2022-01-12 01:01:01', '2022-01-12 01:01:01', 1, 1, 1),
(10, 8, 2, 9, 'Removal of weaker germinated plants.', '2022-01-12 01:01:01', '2022-01-12 01:01:01', 1, 1, 1),
(11, 8, 6, 5, 'Graze, cut or slash the plants and previous stover instead of burning vegetation', '2022-01-12 01:01:01', '2022-01-12 01:01:01', 1, 1, 1),
(12, 14, 1, 1, 'Construction of field channels to control water flow', '2022-01-12 01:01:01', '2022-01-12 01:01:01', 1, 1, 1),
(13, 14, 1, 2, 'Maintain spacing up to 30 cm x 15 cm', '2022-01-12 01:01:01', '2022-01-12 01:01:01', 1, 1, 1),
(14, 14, 1, 4, 'Plant one seedling in hole 2 - 4 cm deep. ', '2022-01-12 01:01:01', '2022-01-12 01:01:01', 1, 1, 1),
(15, 14, 3, 12, 'Maintain water levels around 3 cm initially, and gradually increase and maintained at 5 - 10 cm (with increasing plant height)', '2022-01-12 01:01:01', '2022-01-12 01:01:01', 1, 1, 1),
(16, 14, 5, 13, 'Field should be drained 7-10 days before harvest', '2022-01-12 01:01:01', '2022-01-12 01:01:25', 1, 1, 1);

-- Insert regions
INSERT INTO `region` (`id`, `region_name`, `created_at`, `updated_at`, `created_by`, `last_updated_by`) VALUES
(1, 'S. Buganda', '2022-01-08 23:09:20', '2022-01-08 23:47:32', 1, 1),
(2, 'N. Buganda', '2022-01-08 23:09:20', '2022-01-08 23:46:17', 1, 1),
(3, 'Busoga', '2022-01-08 23:09:20', '2022-01-08 23:09:20', 1, 1),
(4, 'Bukedi', '2022-01-08 23:09:20', '2022-01-08 23:09:20', 1, 1),
(5, 'Elgon', '2022-01-08 23:09:20', '2022-01-08 23:09:20', 1, 1),
(6, 'Teso', '2022-01-08 23:09:20', '2022-01-08 23:09:20', 1, 1),
(7, 'Karamoja', '2022-01-08 23:09:20', '2022-01-08 23:09:20', 1, 1),
(8, 'Lango', '2022-01-08 23:09:20', '2022-01-08 23:09:20', 1, 1),
(9, 'Acholi', '2022-01-08 23:09:20', '2022-01-08 23:09:20', 1, 1),
(10, 'West Nile', '2022-01-08 23:09:20', '2022-01-08 23:09:20', 1, 1),
(11, 'Bunyoro', '2022-01-08 23:09:20', '2022-01-08 23:09:20', 1, 1),
(12, 'Tooro', '2022-01-08 23:09:20', '2022-01-08 23:09:20', 1, 1),
(13, 'Ankole', '2022-01-08 23:09:20', '2022-01-08 23:09:20', 1, 1),
(14, 'Kigezi', '2022-01-08 23:09:20', '2022-01-08 23:09:20', 1, 1);

-- Insert districts
INSERT INTO `district` (`id`, `district_name`, `region`, `created_at`, `updated_at`, `created_by`, `last_updated_by`) VALUES
(1, 'Kalangala', 1, '2022-01-09 00:49:53', '2022-01-09 00:49:53', 1, 1),
(2, 'Masaka', 1, '2022-01-09 00:49:53', '2022-01-09 00:49:53', 1, 1),
(3, 'Mpigi', 1, '2022-01-09 00:49:53', '2022-01-09 00:49:53', 1, 1),
(4, 'Rakai', 1, '2022-01-09 00:49:53', '2022-01-09 00:49:53', 1, 1),
(5, 'Ssembabule', 1, '2022-01-09 00:49:53', '2022-01-09 00:49:53', 1, 1),
(6, 'Wakiso', 1, '2022-01-09 00:49:53', '2022-01-09 00:49:53', 1, 1),
(7, 'Lyantonde', 1, '2022-01-09 00:49:53', '2022-01-09 00:49:53', 1, 1),
(8, 'Bukomansimbi', 1, '2022-01-09 00:49:53', '2022-01-09 00:49:53', 1, 1),
(9, 'Butambala', 1, '2022-01-09 00:49:53', '2022-01-09 00:49:53', 1, 1),
(10, 'Gomba', 1, '2022-01-09 00:49:53', '2022-01-09 00:49:53', 1, 1),
(11, 'Kalungu', 1, '2022-01-09 00:49:53', '2022-01-09 00:49:53', 1, 1),
(12, 'Lwengo', 1, '2022-01-09 00:49:53', '2022-01-09 00:49:53', 1, 1),
(13, 'Kiboga', 2, '2022-01-09 00:49:53', '2022-01-09 00:49:53', 1, 1),
(14, 'Luwero', 2, '2022-01-09 00:49:53', '2022-01-09 00:49:53', 1, 1),
(15, 'Mubende', 2, '2022-01-09 00:49:53', '2022-01-09 00:49:53', 1, 1),
(16, 'Mukono', 2, '2022-01-09 00:49:53', '2022-01-09 00:49:53', 1, 1),
(17, 'Nakasongola', 2, '2022-01-09 00:49:53', '2022-01-09 00:49:53', 1, 1),
(18, 'Kayunga', 2, '2022-01-09 00:49:53', '2022-01-09 00:49:53', 1, 1),
(19, 'Mityana', 2, '2022-01-09 00:49:53', '2022-01-09 00:49:53', 1, 1),
(20, 'Nakaseke', 2, '2022-01-09 00:49:53', '2022-01-09 00:49:53', 1, 1),
(21, 'Buikwe', 2, '2022-01-09 00:49:53', '2022-01-09 00:49:53', 1, 1),
(22, 'Buvuma', 2, '2022-01-09 00:49:53', '2022-01-09 00:49:53', 1, 1),
(23, 'Kyankwanzi', 2, '2022-01-09 00:49:53', '2022-01-09 00:49:53', 1, 1),
(24, 'Bugiri', 3, '2022-01-09 00:49:53', '2022-01-09 00:49:53', 1, 1),
(25, 'Iganga', 3, '2022-01-09 00:49:53', '2022-01-09 00:49:53', 1, 1),
(26, 'Jinja', 3, '2022-01-09 00:49:53', '2022-01-09 00:49:53', 1, 1),
(27, 'Kamuli', 3, '2022-01-09 00:49:53', '2022-01-09 00:49:53', 1, 1),
(28, 'Mayuge', 3, '2022-01-09 00:49:53', '2022-01-09 00:49:53', 1, 1),
(29, 'Kaliro', 3, '2022-01-09 00:49:53', '2022-01-09 00:49:53', 1, 1),
(30, 'Namutumba', 3, '2022-01-09 00:49:53', '2022-01-09 00:49:53', 1, 1),
(31, 'Buyende', 3, '2022-01-09 00:49:53', '2022-01-09 00:49:53', 1, 1),
(32, 'Luuka', 3, '2022-01-09 00:49:53', '2022-01-09 00:49:53', 1, 1),
(33, 'Namayingo', 3, '2022-01-09 00:49:53', '2022-01-09 00:49:53', 1, 1),
(34, 'Busia', 4, '2022-01-09 00:49:53', '2022-01-09 00:49:53', 1, 1),
(35, 'Pallisa', 4, '2022-01-09 00:49:53', '2022-01-09 00:49:53', 1, 1),
(36, 'Tororo', 4, '2022-01-09 00:49:53', '2022-01-09 00:49:53', 1, 1),
(37, 'Budaka', 4, '2022-01-09 00:49:53', '2022-01-09 00:49:53', 1, 1),
(38, 'Butaleja', 4, '2022-01-09 00:49:53', '2022-01-09 00:49:53', 1, 1),
(39, 'Kibuku', 4, '2022-01-09 00:49:53', '2022-01-09 00:49:53', 1, 1),
(40, 'Kapchorwa', 5, '2022-01-09 00:49:53', '2022-01-09 00:49:53', 1, 1),
(41, 'Mbale', 5, '2022-01-09 00:49:53', '2022-01-09 00:49:53', 1, 1),
(42, 'Sironko', 5, '2022-01-09 00:49:53', '2022-01-09 00:49:53', 1, 1),
(43, 'Bududa', 5, '2022-01-09 00:49:53', '2022-01-09 00:49:53', 1, 1),
(44, 'Bukwo', 5, '2022-01-09 00:49:53', '2022-01-09 00:49:53', 1, 1),
(45, 'Manafwa', 5, '2022-01-09 00:49:53', '2022-01-09 00:49:53', 1, 1),
(46, 'Bulambuli', 5, '2022-01-09 00:49:53', '2022-01-09 00:49:53', 1, 1),
(47, 'Kween', 5, '2022-01-09 00:49:53', '2022-01-09 00:49:53', 1, 1),
(48, 'Katakwi', 6, '2022-01-09 00:49:53', '2022-01-09 00:49:53', 1, 1),
(49, 'Kumi', 6, '2022-01-09 00:49:53', '2022-01-09 00:49:53', 1, 1),
(50, 'Soroti', 6, '2022-01-09 00:49:53', '2022-01-09 00:49:53', 1, 1),
(51, 'Kaberamaido', 6, '2022-01-09 00:49:53', '2022-01-09 00:49:53', 1, 1),
(52, 'Amuria', 6, '2022-01-09 00:49:53', '2022-01-09 00:49:53', 1, 1),
(53, 'Bukedea', 6, '2022-01-09 00:49:53', '2022-01-09 00:49:53', 1, 1),
(54, 'Ngora', 6, '2022-01-09 00:49:53', '2022-01-09 00:49:53', 1, 1),
(55, 'Serere', 6, '2022-01-09 00:49:53', '2022-01-09 00:49:53', 1, 1),
(56, 'Kotido', 7, '2022-01-09 00:49:53', '2022-01-09 00:49:53', 1, 1),
(57, 'Moroto', 7, '2022-01-09 00:49:53', '2022-01-09 00:49:53', 1, 1),
(58, 'Nakapiripirit', 7, '2022-01-09 00:49:53', '2022-01-09 00:49:53', 1, 1),
(59, 'Abim', 7, '2022-01-09 00:49:53', '2022-01-09 00:49:53', 1, 1),
(60, 'Kaabong', 7, '2022-01-09 00:49:53', '2022-01-09 00:49:53', 1, 1),
(61, 'Amudat', 7, '2022-01-09 00:49:53', '2022-01-09 00:49:53', 1, 1),
(62, 'Napak', 7, '2022-01-09 00:49:53', '2022-01-09 00:49:53', 1, 1),
(63, 'Apac', 8, '2022-01-09 00:49:53', '2022-01-09 00:49:53', 1, 1),
(64, 'Lira', 8, '2022-01-09 00:49:53', '2022-01-09 00:49:53', 1, 1),
(65, 'Amolatar', 8, '2022-01-09 00:49:53', '2022-01-09 00:49:53', 1, 1),
(66, 'Dokolo', 8, '2022-01-09 00:49:53', '2022-01-09 00:49:53', 1, 1),
(67, 'Oyam', 8, '2022-01-09 00:49:53', '2022-01-09 00:49:53', 1, 1),
(68, 'Alebtong', 8, '2022-01-09 00:49:53', '2022-01-09 00:49:53', 1, 1),
(69, 'Kole', 8, '2022-01-09 00:49:53', '2022-01-09 00:49:53', 1, 1),
(70, 'Otuke', 8, '2022-01-09 00:49:53', '2022-01-09 00:49:53', 1, 1),
(71, 'Gulu', 9, '2022-01-09 00:49:53', '2022-01-09 00:49:53', 1, 1),
(72, 'Kitgum', 9, '2022-01-09 00:49:53', '2022-01-09 00:49:53', 1, 1),
(73, 'Pader', 9, '2022-01-09 00:49:53', '2022-01-09 00:49:53', 1, 1),
(74, 'Amuru', 9, '2022-01-09 00:49:53', '2022-01-09 00:49:53', 1, 1),
(75, 'Agago', 9, '2022-01-09 00:49:53', '2022-01-09 00:49:53', 1, 1),
(76, 'Lamwo', 9, '2022-01-09 00:49:53', '2022-01-09 00:49:53', 1, 1),
(77, 'Nwoya', 9, '2022-01-09 00:49:53', '2022-01-09 00:49:53', 1, 1),
(78, 'Omoro', 9, '2022-01-09 00:49:53', '2022-01-09 00:49:53', 1, 1),
(79, 'Adjumani', 10, '2022-01-09 00:49:53', '2022-01-09 00:49:53', 1, 1),
(80, 'Arua', 10, '2022-01-09 00:49:53', '2022-01-09 00:49:53', 1, 1),
(81, 'Moyo', 10, '2022-01-09 00:49:53', '2022-01-09 00:49:53', 1, 1),
(82, 'Nebbi', 10, '2022-01-09 00:49:53', '2022-01-09 00:49:53', 1, 1),
(83, 'Yumbe', 10, '2022-01-09 00:49:53', '2022-01-09 00:49:53', 1, 1),
(84, 'Koboko', 10, '2022-01-09 00:49:53', '2022-01-09 00:49:53', 1, 1),
(85, 'Maracha', 10, '2022-01-09 00:49:53', '2022-01-09 00:49:53', 1, 1),
(86, 'Zombo', 10, '2022-01-09 00:49:53', '2022-01-09 00:49:53', 1, 1),
(87, 'Hoima', 11, '2022-01-09 00:49:53', '2022-01-09 00:49:53', 1, 1),
(88, 'Kibaale', 11, '2022-01-09 00:49:53', '2022-01-09 00:49:53', 1, 1),
(89, 'Masindi', 11, '2022-01-09 00:49:53', '2022-01-09 00:49:53', 1, 1),
(90, 'Buliisa', 11, '2022-01-09 00:49:53', '2022-01-09 00:49:53', 1, 1),
(91, 'Kiryandongo', 11, '2022-01-09 00:49:53', '2022-01-09 00:49:53', 1, 1),
(92, 'Kagadi', 11, '2022-01-09 00:49:53', '2022-01-09 00:49:53', 1, 1),
(93, 'Kakumiro', 11, '2022-01-09 00:49:53', '2022-01-09 00:49:53', 1, 1),
(94, 'Bundibugyo', 12, '2022-01-09 00:49:53', '2022-01-09 00:49:53', 1, 1),
(95, 'Kabarole', 12, '2022-01-09 00:49:53', '2022-01-09 00:49:53', 1, 1),
(96, 'Kasese', 12, '2022-01-09 00:49:53', '2022-01-09 00:49:53', 1, 1),
(97, 'Kamwenge', 12, '2022-01-09 00:49:53', '2022-01-09 00:49:53', 1, 1),
(98, 'Kyenjojo', 12, '2022-01-09 00:49:53', '2022-01-09 00:49:53', 1, 1),
(99, 'Kyegegwa', 12, '2022-01-09 00:49:53', '2022-01-09 00:49:53', 1, 1),
(100, 'Bushenyi', 13, '2022-01-09 00:49:53', '2022-01-09 00:49:53', 1, 1),
(101, 'Mbarara', 13, '2022-01-09 00:49:53', '2022-01-09 00:49:53', 1, 1),
(102, 'Ntungamo', 13, '2022-01-09 00:49:53', '2022-01-09 00:49:53', 1, 1),
(103, 'Ibanda', 13, '2022-01-09 00:49:53', '2022-01-09 00:49:53', 1, 1),
(104, 'Isingiro', 13, '2022-01-09 00:49:53', '2022-01-09 00:49:53', 1, 1),
(105, 'Kiruhura', 13, '2022-01-09 00:49:53', '2022-01-09 00:49:53', 1, 1),
(106, 'Buhweju', 13, '2022-01-09 00:49:53', '2022-01-09 00:49:53', 1, 1),
(107, 'Sheema', 13, '2022-01-09 00:49:53', '2022-01-09 00:49:53', 1, 1),
(108, 'Kabale', 14, '2022-01-09 00:49:53', '2022-01-09 00:49:53', 1, 1),
(109, 'Kisoro', 14, '2022-01-09 00:49:53', '2022-01-09 00:49:53', 1, 1),
(110, 'Rukungiri', 14, '2022-01-09 00:49:53', '2022-01-09 00:49:53', 1, 1),
(111, 'Kanungu', 14, '2022-01-09 00:49:53', '2022-01-09 00:49:53', 1, 1),
(112, 'Mitooma', 14, '2022-01-09 00:49:53', '2022-01-09 00:49:53', 1, 1),
(113, 'Rubirizi', 14, '2022-01-09 00:49:53', '2022-01-09 00:49:53', 1, 1),
(114, 'Rubanda', 14, '2022-01-09 00:49:53', '2022-01-09 00:49:53', 1, 1);

-- Insert crop_zone
INSERT INTO `crop_zone` (`id`, `region`, `crop`, `crop_extras`, `yield`, `created_at`, `updated_at`, `created_by`, `last_updated_by`, `is_valid`) VALUES
(1, 1, 2, NULL, '8.562', '2022-01-12 01:13:14', '2022-01-12 01:13:14', 1, 1, 1),
(2, 2, 2, NULL, '8.707', '2022-01-12 01:13:14', '2022-01-12 01:13:14', 1, 1, 1),
(3, 3, 2, NULL, '6.869', '2022-01-12 01:13:14', '2022-01-12 01:13:14', 1, 1, 1),
(4, 4, 2, NULL, '5.059', '2022-01-12 01:13:14', '2022-01-12 01:13:14', 1, 1, 1),
(5, 5, 2, NULL, '7.906', '2022-01-12 01:13:14', '2022-01-12 01:13:14', 1, 1, 1),
(6, 6, 2, NULL, '4.56', '2022-01-12 01:13:14', '2022-01-12 01:13:14', 1, 1, 1),
(7, 7, 2, NULL, '0.293', '2022-01-12 01:13:14', '2022-01-12 01:13:14', 1, 1, 1),
(8, 8, 2, NULL, '9.48', '2022-01-12 01:13:14', '2022-01-12 01:13:14', 1, 1, 1),
(9, 9, 2, NULL, '6.894', '2022-01-12 01:13:14', '2022-01-12 01:13:14', 1, 1, 1),
(10, 10, 2, NULL, '8.083', '2022-01-12 01:13:14', '2022-01-12 01:13:14', 1, 1, 1),
(11, 11, 2, NULL, '10.372', '2022-01-12 01:13:14', '2022-01-12 01:13:14', 1, 1, 1),
(12, 12, 2, NULL, '13.605', '2022-01-12 01:13:14', '2022-01-12 01:13:14', 1, 1, 1),
(13, 13, 2, NULL, '15.347', '2022-01-12 01:13:14', '2022-01-12 01:13:14', 1, 1, 1),
(14, 14, 2, NULL, '12.297', '2022-01-12 01:13:14', '2022-01-12 01:13:14', 1, 1, 1),
(15, 1, 4, 'Robusta', '0.37', '2022-01-12 01:13:14', '2022-01-12 01:13:14', 1, 1, 1),
(16, 2, 4, 'Robusta', '0.464', '2022-01-12 01:13:14', '2022-01-12 01:13:14', 1, 1, 1),
(17, 3, 4, 'Robusta', '0.541', '2022-01-12 01:13:14', '2022-01-12 01:13:14', 1, 1, 1),
(18, 4, 4, 'Robusta', '0.66', '2022-01-12 01:13:14', '2022-01-12 01:13:14', 1, 1, 1),
(19, 5, 4, 'Robusta', '0.385', '2022-01-12 01:13:14', '2022-01-12 01:13:14', 1, 1, 1),
(20, 11, 4, 'Robusta', '6.531', '2022-01-12 01:13:14', '2022-01-12 01:13:14', 1, 1, 1),
(21, 12, 4, 'Robusta', '0.397', '2022-01-12 01:13:14', '2022-01-12 01:13:14', 1, 1, 1),
(22, 13, 4, 'Robusta', '0.721', '2022-01-12 01:13:14', '2022-01-12 01:13:14', 1, 1, 1),
(23, 14, 4, 'Robusta', '0.496', '2022-01-12 01:13:14', '2022-01-12 01:13:14', 1, 1, 1),
(24, 1, 4, 'Arabic', '2.156', '2022-01-12 01:13:14', '2022-01-12 01:13:14', 1, 1, 1),
(25, 2, 4, 'Arabic', '0.294', '2022-01-12 01:13:14', '2022-01-12 01:13:14', 1, 1, 1),
(26, 3, 4, 'Arabic', '0.447', '2022-01-12 01:13:14', '2022-01-12 01:13:14', 1, 1, 1),
(27, 5, 4, 'Arabic', '0.961', '2022-01-12 01:13:14', '2022-01-12 01:13:14', 1, 1, 1),
(28, 10, 4, 'Arabic', '0.372', '2022-01-12 01:13:14', '2022-01-12 01:13:14', 1, 1, 1),
(29, 11, 4, 'Arabic', '0.599', '2022-01-12 01:13:14', '2022-01-12 01:13:14', 1, 1, 1),
(30, 12, 4, 'Arabic', '0.834', '2022-01-12 01:13:14', '2022-01-12 01:13:14', 1, 1, 1),
(31, 13, 4, 'Arabic', '1.266', '2022-01-12 01:13:14', '2022-01-12 01:13:14', 1, 1, 1),
(32, 14, 4, 'Arabic', '1.302', '2022-01-12 01:13:14', '2022-01-12 01:13:14', 1, 1, 1),
(33, 1, 7, 'Beans in general', '0.611', '2022-01-12 01:13:14', '2022-01-12 01:13:14', 1, 1, 1),
(34, 2, 7, 'Beans in general', '0.663', '2022-01-12 01:13:14', '2022-01-12 01:13:14', 1, 1, 1),
(35, 3, 7, 'Beans in general', '0.379', '2022-01-12 01:13:14', '2022-01-12 01:13:14', 1, 1, 1),
(36, 4, 7, 'Beans in general', '0.346', '2022-01-12 01:13:14', '2022-01-12 01:13:14', 1, 1, 1),
(37, 5, 7, 'Beans in general', '0.509', '2022-01-12 01:13:14', '2022-01-12 01:13:14', 1, 1, 1),
(38, 6, 7, 'Beans in general', '0.328', '2022-01-12 01:13:14', '2022-01-12 01:13:14', 1, 1, 1),
(39, 7, 7, 'Beans in general', '0.56', '2022-01-12 01:13:14', '2022-01-12 01:13:14', 1, 1, 1),
(40, 8, 7, 'Beans in general', '0.368', '2022-01-12 01:13:14', '2022-01-12 01:13:14', 1, 1, 1),
(41, 9, 7, 'Beans in general', '0.609', '2022-01-12 01:13:14', '2022-01-12 01:13:14', 1, 1, 1),
(42, 10, 7, 'Beans in general', '0.63', '2022-01-12 01:13:14', '2022-01-12 01:13:14', 1, 1, 1),
(43, 11, 7, 'Beans in general', '0.826', '2022-01-12 01:13:14', '2022-01-12 01:13:14', 1, 1, 1),
(44, 12, 7, 'Beans in general', '0.642', '2022-01-12 01:13:14', '2022-01-12 01:13:14', 1, 1, 1),
(45, 13, 7, 'Beans in general', '0.661', '2022-01-12 01:13:14', '2022-01-12 01:13:14', 1, 1, 1),
(46, 14, 7, 'Beans in general', '0.609', '2022-01-12 01:13:14', '2022-01-12 01:13:14', 1, 1, 1),
(47, 1, 8, NULL, '1.607', '2022-01-12 01:13:14', '2022-01-12 01:13:14', 1, 1, 1),
(48, 2, 8, NULL, '1.471', '2022-01-12 01:13:14', '2022-01-12 01:13:14', 1, 1, 1),
(49, 3, 8, NULL, '1.112', '2022-01-12 01:13:14', '2022-01-12 01:13:14', 1, 1, 1),
(50, 4, 8, NULL, '1.212', '2022-01-12 01:13:14', '2022-01-12 01:13:14', 1, 1, 1),
(51, 5, 8, NULL, '1.287', '2022-01-12 01:13:14', '2022-01-12 01:13:14', 1, 1, 1),
(52, 6, 8, NULL, '0.943', '2022-01-12 01:13:14', '2022-01-12 01:13:14', 1, 1, 1),
(53, 7, 8, NULL, '1.241', '2022-01-12 01:13:14', '2022-01-12 01:13:14', 1, 1, 1),
(54, 8, 8, NULL, '1.29', '2022-01-12 01:13:14', '2022-01-12 01:13:14', 1, 1, 1),
(55, 9, 8, NULL, '0.923', '2022-01-12 01:13:14', '2022-01-12 01:13:14', 1, 1, 1),
(56, 10, 8, NULL, '1.307', '2022-01-12 01:13:14', '2022-01-12 01:13:14', 1, 1, 1),
(57, 11, 8, NULL, '1.453', '2022-01-12 01:13:14', '2022-01-12 01:13:14', 1, 1, 1),
(58, 12, 8, NULL, '1.931', '2022-01-12 01:13:14', '2022-01-12 01:13:14', 1, 1, 1),
(59, 13, 8, NULL, '1.921', '2022-01-12 01:13:14', '2022-01-12 01:13:14', 1, 1, 1),
(60, 14, 8, NULL, '1.179', '2022-01-12 01:13:14', '2022-01-12 01:13:14', 1, 1, 1),
(61, 1, 14, NULL, '1.939', '2022-01-12 01:13:14', '2022-01-12 01:13:14', 1, 1, 1),
(62, 2, 14, NULL, '0.735', '2022-01-12 01:13:14', '2022-01-12 01:13:14', 1, 1, 1),
(63, 3, 14, NULL, '1.024', '2022-01-12 01:13:14', '2022-01-12 01:13:14', 1, 1, 1),
(64, 4, 14, NULL, '0.895', '2022-01-12 01:13:14', '2022-01-12 01:13:14', 1, 1, 1),
(65, 5, 14, NULL, '1.075', '2022-01-12 01:13:14', '2022-01-12 01:13:14', 1, 1, 1),
(66, 6, 14, NULL, '0.858', '2022-01-12 01:13:14', '2022-01-12 01:13:14', 1, 1, 1),
(67, 8, 14, NULL, '0.712', '2022-01-12 01:13:14', '2022-01-12 01:13:14', 1, 1, 1),
(68, 9, 14, NULL, '1.13', '2022-01-12 01:13:14', '2022-01-12 01:13:14', 1, 1, 1),
(69, 10, 14, NULL, '1.193', '2022-01-12 01:13:14', '2022-01-12 01:13:14', 1, 1, 1),
(70, 11, 14, NULL, '1.075', '2022-01-12 01:13:14', '2022-01-12 01:13:14', 1, 1, 1),
(71, 12, 14, NULL, '1.676', '2022-01-12 01:13:14', '2022-01-12 01:13:14', 1, 1, 1),
(72, 14, 14, NULL, '1.431', '2022-01-12 01:13:14', '2022-01-12 01:13:14', 1, 1, 1);